Time,ms_error,force_desired,force_event,force_weiss,force_robot,force_weiss2,delta_z,desire_ar,sense_ar
1630323968.71131,0.06599999964237213,-0.21987532079219818,-0.2250051200389862,0.164,-1.2418321371078491,-0.028,0.5882820448079422,0.0,0.0
1630323968.7266855,0.06599999964237213,-0.43953365087509155,-0.2578672468662262,0.19,-1.2484461069107056,-0.028,0.5882806642910732,0.0,0.0
1630323968.7417128,0.06700000166893005,-0.6587581634521484,-0.31483861804008484,0.188,-1.249723196029663,-0.039,0.5882806642910732,0.0,0.0
1630323968.7562683,0.06700000166893005,-0.8773326277732849,-0.2713564336299896,0.108,-1.2514684200286865,-0.058,0.5882806642910732,0.0,0.0
1630323968.7722304,0.06800000369548798,-1.095041275024414,-0.2374526858329773,0.01,-1.2582957744598389,-0.075,0.5882803273065029,0.0,0.0
1630323968.7874222,0.07000000029802322,-1.3116692304611206,-0.2854573130607605,0.01,-1.2600421905517578,-0.07,0.5882803273065029,0.0,0.0
1630323968.8167024,0.0729999989271164,-1.5270026922225952,-0.32225659489631653,-0.274,-1.2509791851043701,-0.007,0.5882804439007352,0.0,0.0
1630323968.831808,0.07699999958276749,-1.7408292293548584,-0.34856247901916504,-1.015,-1.2534880638122559,0.022,0.5882802355004508,0.0,0.0
1630323968.8463585,0.0820000022649765,-1.9529377222061157,-0.26936835050582886,-1.083,-1.249110460281372,0.032,0.5882802355004508,0.0,0.0
1630323968.8612583,0.08900000154972076,-2.163119077682495,-0.26377108693122864,-0.375,-1.2454490661621094,0.024,0.5882802355004508,0.0,0.0
1630323968.8751671,0.09700000286102295,-2.3711655139923096,-0.30507299304008484,0.042,-1.2386164665222168,0.014,0.588281893252331,0.0,0.0
1630323968.8894508,0.10700000077486038,-2.576871871948242,-0.2880415916442871,0.03,-1.236222505569458,-0.001,0.588281893252331,0.0,0.0
1630323968.9042928,0.11999999731779099,-2.7800352573394775,-0.23139885067939758,-0.046,-1.2337391376495361,-0.021,0.588281893252331,0.0,0.0
1630323968.9225855,0.13300000131130219,-2.980455160140991,-0.3111425042152405,0.106,-1.234302043914795,-0.052,0.5882818771626623,0.0,0.0
1630323968.9345605,0.14900000393390656,-3.17793345451355,-0.28147968649864197,0.185,-1.2381511926651,-0.079,0.5882818771626623,0.0,0.0
1630323968.9491558,0.16899999976158142,-3.3722758293151855,-0.1988733857870102,0.085,-1.2365705966949463,-0.104,0.5882818771626623,0.0,0.0
1630323968.963684,0.18799999356269836,-3.5632898807525635,-0.37822210788726807,-0.002,-1.2448512315750122,-0.122,0.5882811482601955,0.0,0.0
1630323968.9786217,0.20900000631809235,-3.7507874965667725,-0.3937559723854065,0.01,-1.2428417205810547,-0.15,0.5882811482601955,0.0,0.0
1630323968.9931564,0.23499999940395355,-3.9345836639404297,-0.28661152720451355,0.064,-1.230944037437439,-0.182,0.5882811482601955,0.0,0.0
1630323969.0084739,0.2619999945163727,-4.11449670791626,-0.3266907334327698,0.091,-1.23600172996521,-0.195,0.5882817868464691,0.0,0.0
1630323969.0229502,0.29100000858306885,-4.29034948348999,-0.3410796821117401,-0.071,-1.237145185470581,-0.18,0.5882817868464691,0.0,0.0
1630323969.0425937,0.3230000138282776,-4.461967945098877,-0.318864107131958,-0.286,-1.238336443901062,-0.119,0.5882817868464691,0.0,0.0
1630323969.052823,0.36000001430511475,-4.629183292388916,-0.2266177535057068,-0.093,-1.2482088804244995,-0.077,0.5882828003737841,0.0,0.0
1630323969.0673137,0.39800000190734863,-4.791829586029053,-0.27903997898101807,-0.093,-1.2533495426177979,-0.038,0.5882828003737841,0.0,0.0
1630323969.0846345,0.4390000104904175,-4.949747562408447,-0.2634667456150055,0.23,-1.2480461597442627,-0.006,0.5882828003737841,0.0,0.0
1630323969.097455,0.4819999933242798,-5.102780342102051,-0.32641875743865967,-0.119,-1.247735619544983,0.005,0.5882798983711077,0.0,0.0
1630323969.1125808,0.527999997138977,-5.250777721405029,-0.26262935996055603,-0.705,-1.2503598928451538,0.018,0.5882798983711077,0.0,0.0
1630323969.1271858,0.5759999752044678,-5.393592834472656,-0.29945388436317444,-1.037,-1.262121558189392,0.039,0.5882798983711077,0.0,0.0
1630323969.142431,0.6269999742507935,-5.531085014343262,-0.31340399384498596,-0.574,-1.26983642578125,0.051,0.5882811488700412,0.0,0.0
1630323969.15687,0.6800000071525574,-5.663118839263916,-0.2987717092037201,0.08,-1.2618458271026611,0.049,0.5882811488700412,0.0,0.0
1630323969.1714823,0.7360000014305115,-5.78956413269043,-0.2729024589061737,0.344,-1.2541437149047852,0.033,0.5882811488700412,0.0,0.0
1630323969.1858346,0.7929999828338623,-5.910295486450195,-0.3167341649532318,0.272,-1.2524795532226562,0.017,0.5882809506519391,0.0,0.0
1630323969.2013974,0.8539999723434448,-6.02519416809082,-0.2805030345916748,0.163,-1.237793207168579,-0.001,0.5882809506519391,0.0,0.0
1630323969.2166018,0.9150000214576721,-6.134146690368652,-0.3226717412471771,0.137,-1.247622013092041,-0.005,0.5882809506519391,0.0,0.0
1630323969.231647,0.9779999852180481,-6.237045764923096,-0.3784145414829254,0.113,-1.255815029144287,0.003,0.5882802385398813,0.0,0.0
1630323969.246379,1.0429999828338623,-6.333789348602295,-0.33411264419555664,0.107,-1.2498149871826172,0.011,0.5882801604501178,0.0,0.0
1630323969.261546,1.1089999675750732,-6.424282550811768,-0.3951612412929535,0.156,-1.26455557346344,0.025,0.5882801604501178,0.0,0.0
1630323969.2757974,1.1799999475479126,-6.508435249328613,-0.2402232587337494,0.213,-1.2486509084701538,0.019,0.5882801604501178,0.0,0.0
1630323969.2906594,1.2519999742507935,-6.586165428161621,-0.26577356457710266,0.226,-1.2572965621948242,0.001,0.5882811549523557,0.0,0.0
1630323969.3056645,1.3240000009536743,-6.657395839691162,-0.3253459632396698,0.26,-1.2599183320999146,-0.024,0.5882811549523557,0.0,0.0
1630323969.3215601,1.3980000019073486,-6.722055912017822,-0.26821789145469666,0.296,-1.2596184015274048,-0.046,0.5882811549523557,0.0,0.0
1630323969.3371015,1.4730000495910645,-6.7800822257995605,-0.31867846846580505,0.215,-1.2569687366485596,-0.061,0.5882797225530758,0.0,0.0
1630323969.35263,1.5479999780654907,-6.831417560577393,-0.29680341482162476,0.189,-1.2513306140899658,-0.062,0.5882797225530758,0.0,0.0
1630323969.3681679,1.625,-6.876010894775391,-0.3223423361778259,0.195,-1.2530746459960938,-0.061,0.5882797225530758,0.0,0.0
1630323969.3847814,1.7020000219345093,-6.913818359375,-0.29931795597076416,-0.052,-1.250557541847229,-0.06,0.5882805764765626,0.0,0.0
1630323969.4001703,1.7799999713897705,-6.944802761077881,-0.2769734859466553,-0.737,-1.260850429534912,-0.059,0.5882805764765626,0.0,0.0
1630323969.4174623,1.8569999933242798,-6.968933582305908,-0.3316212594509125,-0.982,-1.2666621208190918,-0.061,0.588280019042839,0.0,0.0
1630323969.4321795,1.9329999685287476,-6.986186981201172,-0.39626216888427734,-0.359,-1.2674821615219116,-0.057,0.588280019042839,0.0,0.0
1630323969.448438,2.009999990463257,-6.996545791625977,-0.34286075830459595,0.116,-1.2573741674423218,-0.051,0.588280019042839,0.0,0.0
1630323969.4634097,2.0889999866485596,-7.0,-0.2920264005661011,0.097,-1.2524287700653076,-0.041,0.588280019042839,0.0,0.0
1630323969.4799259,2.1659998893737793,-6.996545791625977,-0.3083028197288513,0.132,-1.250676155090332,-0.033,0.5882801794378878,0.0,0.0
1630323969.4951663,2.243000030517578,-6.986186981201172,-0.296114981174469,0.228,-1.2373337745666504,-0.042,0.5882801794378878,0.0,0.0
1630323969.5116525,2.319999933242798,-6.968933582305908,-0.26737210154533386,0.16,-1.2471576929092407,-0.242,0.588280373400918,0.0,0.0
1630323969.5264058,2.3959999084472656,-6.944802761077881,-0.28043505549430847,0.053,-1.2407400608062744,-0.465,0.5882818467603421,0.0,0.0
1630323969.5421934,2.4719998836517334,-6.913818359375,-0.22830908000469208,0.076,-1.249338150024414,-0.732,0.5882818467603421,0.0,0.0
1630323969.557018,2.5460000038146973,-6.876010894775391,-0.30772894620895386,0.086,-1.233583688735962,-0.867,0.5882818467603421,0.0,0.0
1630323969.5727673,2.617000102996826,-6.831417560577393,-0.3188776969909668,0.103,-1.244655728340149,-0.817,0.5882814416407194,0.0,0.0
1630323969.5880136,2.687999963760376,-6.7800822257995605,-0.30168426036834717,0.159,-1.2583144903182983,-0.593,0.5882814416407194,0.0,0.0
1630323969.6040175,2.756999969482422,-6.722055912017822,-0.2831500172615051,0.118,-1.2604897022247314,-0.328,0.5882814416407194,0.0,0.0
1630323969.619845,2.825000047683716,-6.657395839691162,-0.2640135586261749,0.055,-1.2574936151504517,-0.146,0.5882821578361412,0.0,0.0
1630323969.635553,2.8910000324249268,-6.586165428161621,-0.27213796973228455,0.056,-1.2527543306350708,-0.084,0.5882821578361412,0.0,0.0
1630323969.6508331,2.9549999237060547,-6.508435249328613,-0.271807461977005,0.247,-1.249625563621521,-0.077,0.5882821578361412,0.0,0.0
1630323969.6664119,3.0169999599456787,-6.424282550811768,-0.2967017889022827,0.211,-1.24765944480896,-0.063,0.5882818079618968,0.0,0.0
1630323969.6816561,3.0769999027252197,-6.333789348602295,-0.2396264523267746,-0.428,-1.2592068910598755,-0.041,0.5882833211058192,0.0,0.0
1630323969.6972308,3.134999990463257,-6.237045764923096,-0.24213777482509613,-1.014,-1.2607975006103516,-0.022,0.5882833211058192,0.0,0.0
1630323969.7125893,3.191999912261963,-6.134146690368652,-0.1824711114168167,-0.776,-1.2696540355682373,-0.013,0.5882833211058192,0.0,0.0
1630323969.7284176,3.243000030517578,-6.02519416809082,-0.37062543630599976,-0.12,-1.2519451379776,-0.012,0.5882813561515197,0.0,0.0
1630323969.7433028,3.2920000553131104,-5.910295486450195,-0.35473886132240295,0.095,-1.2616777420043945,-0.013,0.5882813561515197,0.0,0.0
1630323969.7576413,3.3389999866485596,-5.78956413269043,-0.32174646854400635,0.104,-1.2553030252456665,-0.01,0.5882808466026144,0.0,0.0
1630323969.7725608,3.382999897003174,-5.663118839263916,-0.3098651170730591,0.102,-1.2505232095718384,-0.009,0.5882808466026144,0.0,0.0
1630323969.7875512,3.4260001182556152,-5.531085014343262,-0.26257938146591187,0.13,-1.254209280014038,-0.022,0.5882808466026144,0.0,0.0
1630323969.8020358,3.4660000801086426,-5.393592834472656,-0.2313060164451599,0.229,-1.2427245378494263,-0.04,0.5882818025296637,0.0,0.0
1630323969.8174226,3.503999948501587,-5.250777721405029,-0.25870802998542786,0.147,-1.2350162267684937,-0.072,0.5882813745174253,0.0,0.0
1630323969.8322737,3.5380001068115234,-5.102780342102051,-0.31501129269599915,0.065,-1.235216736793518,-0.09,0.5882805639404265,0.0,0.0
1630323969.847478,3.569000005722046,-4.949747562408447,-0.28492996096611023,0.153,-1.242903709411621,-0.105,0.5882805639404265,0.0,0.0
1630323969.8619795,3.5969998836517334,-4.791829586029053,-0.36204826831817627,0.24,-1.2391977310180664,-0.099,0.5882805639404265,0.0,0.0
1630323969.8767154,3.621999979019165,-4.629183292388916,-0.37731069326400757,0.167,-1.2371468544006348,-0.09,0.5882811637462516,0.0,0.0
1630323969.8909252,3.6459999084472656,-4.461967945098877,-0.2930256128311157,0.124,-1.2500630617141724,-0.078,0.5882811637462516,0.0,0.0
1630323969.9055758,3.6659998893737793,-4.29034948348999,-0.3541456460952759,0.186,-1.2524560689926147,-0.056,0.5882811637462516,0.0,0.0
1630323969.9202569,3.684999942779541,-4.11449670791626,-0.3054351210594177,0.207,-1.258940577507019,-0.041,0.588282356939674,0.0,0.0
1630323969.9352686,3.7019999027252197,-3.9345836639404297,-0.22939617931842804,0.165,-1.2532304525375366,-0.03,0.588282356939674,0.0,0.0
1630323969.9500647,3.7179999351501465,-3.7507874965667725,-0.20829789340496063,0.093,-1.2476215362548828,-0.038,0.588282356939674,0.0,0.0
1630323969.9655957,3.7290000915527344,-3.5632898807525635,-0.3274073898792267,-0.327,-1.252285122871399,-0.063,0.5882813849820983,0.0,0.0
1630323969.9798925,3.739000082015991,-3.3722758293151855,-0.2560521960258484,-0.892,-1.2488038539886475,-0.087,0.5882813849820983,0.0,0.0
1630323969.9949043,3.746999979019165,-3.17793345451355,-0.28890249133110046,-0.771,-1.2523620128631592,-0.097,0.5882813849820983,0.0,0.0
1630323970.010373,3.753000020980835,-2.980455160140991,-0.36946555972099304,-0.138,-1.2452306747436523,-0.085,0.5882818809208601,0.0,0.0
1630323970.0252376,3.75600004196167,-2.7800352573394775,-0.32905009388923645,0.113,-1.2325763702392578,-0.053,0.5882818809208601,0.0,0.0
1630323970.039783,3.757999897003174,-2.576871871948242,-0.3561340868473053,0.022,-1.2394570112228394,-0.023,0.5882818809208601,0.0,0.0
1630323970.0545404,3.759000062942505,-2.3711655139923096,-0.38761696219444275,0.046,-1.2349103689193726,0.015,0.5882807491630722,0.0,0.0
1630323970.069898,3.757999897003174,-2.163119077682495,-0.3312050998210907,0.07,-1.2203551530838013,0.037,0.5882811222038746,0.0,0.0
1630323970.085301,3.75600004196167,-1.9529377222061157,-0.28979989886283875,0.019,-1.221261739730835,0.038,0.5882811222038746,0.0,0.0
1630323970.1002734,3.753000020980835,-1.7408292293548584,-0.37406057119369507,-0.012,-1.2165788412094116,0.021,0.5882811222038746,0.0,0.0
1630323970.1166592,3.749000072479248,-1.5270026922225952,-0.361233115196228,0.05,-1.2252026796340942,-0.006,0.5882825444793784,0.0,0.0
1630323970.1323764,3.744999885559082,-1.3116692304611206,-0.3136110007762909,0.117,-1.227709174156189,-0.032,0.5882825444793784,0.0,0.0
1630323970.1477082,3.739000082015991,-1.095041275024414,-0.2816224992275238,0.006,-1.2243235111236572,-0.04,0.5882825444793784,0.0,0.0
1630323970.1629865,3.7339999675750732,-0.8773326277732849,-0.3012518882751465,-0.033,-1.2350590229034424,-0.03,0.588280907595018,0.0,0.0
1630323970.1782856,3.7279999256134033,-0.6587581634521484,-0.2659420371055603,0.204,-1.2279387712478638,-0.019,0.588280907595018,0.0,0.0
1630323970.1935334,3.7209999561309814,-0.43953365087509155,-0.3294065594673157,0.423,-1.2453675270080566,-0.002,0.5882803290062908,0.0,0.0
1630323970.2085574,3.7149999141693115,-0.21987532079219818,-0.21014641225337982,0.423,-1.2475382089614868,0.011,0.5882803290062908,0.0,0.0
1630323970.223378,3.7090001106262207,-5.143516516159909e-15,-0.205361470580101,0.23,-1.2512286901474,0.036,0.5882803290062908,0.0,0.0
1630323970.2388654,3.703000068664551,0.0,-0.2267501950263977,0.056,-1.2476056814193726,0.06,0.5882832905484359,0.0,0.0
1630323970.2548125,3.697000026702881,0.0,-0.2353358417749405,-0.537,-1.2382736206054688,0.066,0.5882832905484359,0.0,0.0
1630323970.2711272,3.690999984741211,0.0,-0.22233480215072632,-0.943,-1.2270331382751465,0.048,0.5882832905484359,0.0,0.0
1630323970.286725,3.684999942779541,0.0,-0.2854689955711365,-0.558,-1.2327746152877808,0.012,0.5882809589947098,0.0,0.0
1630323970.3020234,3.678999900817871,0.0,-0.22567301988601685,0.05,-1.219165563583374,-0.013,0.588282504298393,0.0,0.0
1630323970.3169456,3.6730000972747803,0.0,-0.3263693153858185,0.041,-1.2374516725540161,-0.019,0.588282504298393,0.0,0.0
1630323970.3333917,3.6670000553131104,0.0,-0.2529393136501312,-0.028,-1.232641577720642,-0.002,0.588282504298393,0.0,0.0
1630323970.3484914,3.6610000133514404,0.0,-0.36291053891181946,-0.021,-1.2307456731796265,0.003,0.5882820330237211,0.0,0.0
1630323970.3637753,3.6549999713897705,0.0,-0.2829887270927429,-0.055,-1.2207045555114746,-0.002,0.5882820330237211,0.0,0.0
1630323970.3790648,3.6489999294281006,0.0,-0.2820718288421631,-0.057,-1.2257360219955444,-0.015,0.5882820330237211,0.0,0.0
1630323970.394187,3.6440000534057617,0.0,-0.3247855305671692,0.058,-1.2251672744750977,-0.02,0.5882826172543358,0.0,0.0
1630323970.408569,3.638000011444092,0.0,-0.28735706210136414,0.153,-1.2303255796432495,-0.018,0.5882826172543358,0.0,0.0
1630323970.4230833,3.631999969482422,0.0,-0.28386980295181274,0.112,-1.2250895500183105,-0.011,0.5882826172543358,0.0,0.0
1630323970.438544,3.625999927520752,0.0,-0.25841906666755676,0.008,-1.2289879322052002,-0.011,0.5882813985023945,0.0,0.0
1630323970.4541063,3.621000051498413,0.0,-0.3729841709136963,-0.004,-1.23725163936615,-0.006,0.5882813487439174,0.0,0.0
1630323970.4691129,3.615000009536743,0.0,-0.3560445010662079,0.074,-1.2476871013641357,0.003,0.5882813487439174,0.0,0.0
1630323970.4845557,3.6089999675750732,0.0,-0.32319268584251404,0.124,-1.2500107288360596,0.022,0.5882813487439174,0.0,0.0
1630323970.5002148,3.6040000915527344,0.0,-0.35499706864356995,0.17,-1.2450250387191772,0.034,0.5882801453996612,0.0,0.0
1630323970.5150394,3.5980000495910645,0.0,-0.28922805190086365,0.149,-1.2408294677734375,0.03,0.5882801453996612,0.0,0.0
1630323970.5303009,3.5920000076293945,0.0,-0.2117588073015213,-0.231,-1.2416260242462158,-0.01,0.5882801453996612,0.0,0.0
1630323970.54496,3.5859999656677246,0.0,-0.2557506263256073,-0.949,-1.2532142400741577,-0.01,0.5882823494471188,0.0,0.0
1630323970.5605392,3.5810000896453857,0.0,-0.2830401659011841,-1.07,-1.2484102249145508,-0.411,0.5882823494471188,0.0,0.0
1630323970.5750306,3.575000047683716,0.0,-0.3512732982635498,-0.521,-1.2394365072250366,-0.655,0.5882823494471188,0.0,0.0
1630323970.5893214,3.569999933242798,0.0,-0.2825327217578888,0.153,-1.2421029806137085,-0.848,0.5882798753734662,0.0,0.0
1630323970.6046073,3.563999891281128,0.0,-0.2635999023914337,0.252,-1.2468292713165283,-0.864,0.5882798753734662,0.0,0.0
1630323970.6196105,3.559000015258789,0.0,-0.3063422441482544,0.122,-1.2269513607025146,-0.698,0.5882798753734662,0.0,0.0
1630323970.634663,3.552999973297119,0.0,-0.31275084614753723,0.095,-1.2199734449386597,-0.489,0.5882806121658941,0.0,0.0
1630323970.6494143,3.5480000972747803,0.0,-0.2830004096031189,0.043,-1.2300478219985962,-0.285,0.5882804612506214,0.0,0.0
1630323970.665592,3.5420000553131104,0.0,-0.3200315535068512,-0.099,-1.2330090999603271,-0.179,0.5882804612506214,0.0,0.0
1630323970.6808681,3.5369999408721924,0.0,-0.3129580020904541,-0.086,-1.2302504777908325,-0.135,0.5882804612506214,0.0,0.0
1630323970.6957335,3.5309998989105225,0.0,-0.24051183462142944,-0.087,-1.2335035800933838,-0.098,0.5882801955470172,0.0,0.0
1630323970.7116785,3.5260000228881836,0.0,-0.2738172709941864,0.024,-1.2330098152160645,-0.047,0.5882801955470172,0.0,0.0
1630323970.7263951,3.5199999809265137,0.0,-0.2541816234588623,0.221,-1.2333142757415771,-0.012,0.5882801955470172,0.0,0.0
1630323970.7417572,3.515000104904175,0.0,-0.2426147162914276,0.21,-1.2321007251739502,0.014,0.5882807242520276,0.0,0.0
1630323970.7567596,3.509000062942505,0.0,-0.28699368238449097,0.137,-1.2332661151885986,0.035,0.5882807242520276,0.0,0.0
1630323970.772505,3.503999948501587,0.0,-0.2703072726726532,0.103,-1.2327156066894531,0.059,0.5882807242520276,0.0,0.0
1630323970.7870152,3.499000072479248,0.0,-0.32089725136756897,0.096,-1.2376489639282227,0.073,0.5882816869624563,0.0,0.0
1630323970.8028486,3.493000030517578,0.0,-0.3569336533546448,0.129,-1.2311233282089233,0.073,0.5882834878036693,0.0,0.0
1630323970.8185523,3.48799991607666,0.0,-0.36784857511520386,-0.051,-1.2288326025009155,0.046,0.5882834878036693,0.0,0.0
1630323970.8349884,3.4830000400543213,0.0,-0.3550473749637604,-0.864,-1.2291159629821777,0.012,0.5882811589505013,0.0,0.0
1630323970.850797,3.4769999980926514,0.0,-0.34088456630706787,-1.077,-1.234755277633667,-0.014,0.5882811589505013,0.0,0.0
1630323970.866629,3.4719998836517334,0.0,-0.3039652109146118,-0.433,-1.235045075416565,-0.022,0.5882811589505013,0.0,0.0
1630323970.882575,3.4670000076293945,0.0,-0.2850233018398285,0.162,-1.2294782400131226,-0.012,0.5882809596903875,0.0,0.0
1630323970.8984544,3.4619998931884766,0.0,-0.2878251075744629,0.179,-1.2163666486740112,0.004,0.5882809596903875,0.0,0.0
1630323970.9136746,3.4570000171661377,0.0,-0.35992535948753357,0.181,-1.2126080989837646,0.008,0.5882809596903875,0.0,0.0
1630323970.9293723,3.4509999752044678,0.0,-0.3210192620754242,0.283,-1.2222110033035278,0.007,0.5882810899038928,0.0,0.0
1630323970.94445,3.446000099182129,0.0,-0.23587392270565033,0.258,-1.2176274061203003,0.009,0.5882821674986214,0.0,0.0
1630323970.9595397,3.440999984741211,0.0,-0.2894233465194702,0.168,-1.2195615768432617,0.017,0.5882821674986214,0.0,0.0
1630323970.9742293,3.436000108718872,0.0,-0.24268732964992523,0.088,-1.218350887298584,0.026,0.5882821674986214,0.0,0.0
1630323970.9892757,3.430000066757202,0.0,-0.2527809143066406,0.077,-1.2120822668075562,0.03,0.5882815329034634,0.0,0.0
1630323971.0047314,3.424999952316284,0.0,-0.26875776052474976,0.136,-1.21169912815094,0.023,0.5882815329034634,0.0,0.0
1630323971.0205243,3.4200000762939453,0.0,-0.214742049574852,0.194,-1.2156860828399658,0.0,0.5882815329034634,0.0,0.0
1630323971.0356536,3.4149999618530273,0.0,-0.3345053493976593,0.152,-1.2192726135253906,-0.028,0.5882804169530393,0.0,0.0
1630323971.0512218,3.4100000858306885,0.0,-0.34188419580459595,0.049,-1.2264527082443237,-0.045,0.5882804169530393,0.0,0.0
1630323971.0665932,3.4049999713897705,0.0,-0.26383528113365173,0.058,-1.2199352979660034,-0.054,0.5882804169530393,0.0,0.0
1630323971.0826418,3.4000000953674316,0.0,-0.32992875576019287,0.058,-1.232193946838379,-0.057,0.5882812101566357,0.0,0.0
1630323971.0968523,3.3949999809265137,0.0,-0.3833051323890686,0.175,-1.2328284978866577,-0.069,0.5882812101566357,0.0,0.0
1630323971.1131876,3.390000104904175,0.0,-0.3235420882701874,-0.345,-1.2407217025756836,-0.071,0.5882812101566357,0.0,0.0
1630323971.1279142,3.384999990463257,0.0,-0.2873850166797638,-0.822,-1.2394275665283203,-0.069,0.588279574406693,0.0,0.0
1630323971.1434746,3.380000114440918,0.0,-0.2997626066207886,-0.643,-1.2556695938110352,-0.042,0.588279574406693,0.0,0.0
1630323971.1576893,3.375,0.0,-0.338642418384552,-0.132,-1.2489464282989502,-0.016,0.588279574406693,0.0,0.0
1630323971.172398,3.369999885559082,0.0,-0.38130316138267517,0.124,-1.2583972215652466,0.003,0.5882816043853027,0.0,0.0
1630323971.187199,3.365000009536743,0.0,-0.3814332187175751,0.123,-1.2604047060012817,0.021,0.5882816043853027,0.0,0.0
1630323971.2027686,3.359999895095825,0.0,-0.2989676296710968,0.111,-1.2502212524414062,0.015,0.5882816043853027,0.0,0.0
1630323971.21756,3.3550000190734863,0.0,-0.27746227383613586,0.091,-1.247521996498108,-0.003,0.5882796821771084,0.0,0.0
1630323971.2331371,3.3499999046325684,0.0,-0.3091413378715515,0.05,-1.250038504600525,-0.011,0.5882809160278576,0.0,0.0
1630323971.2483003,3.3459999561309814,0.0,-0.3417756259441376,0.142,-1.2429673671722412,-0.013,0.5882809160278576,0.0,0.0
1630323971.2640398,3.3410000801086426,0.0,-0.32903215289115906,0.216,-1.237474799156189,0.003,0.5882809160278576,0.0,0.0
1630323971.2789764,3.3359999656677246,0.0,-0.30413272976875305,0.238,-1.2425678968429565,0.02,0.5882801259597019,0.0,0.0
1630323971.2944834,3.3310000896453857,0.0,-0.24575726687908173,0.256,-1.2501544952392578,0.04,0.5882801259597019,0.0,0.0
1630323971.3094792,3.3259999752044678,0.0,-0.17613767087459564,0.184,-1.2570199966430664,0.05,0.5882801259597019,0.0,0.0
1630323971.3248024,3.321000099182129,0.0,-0.2517821490764618,0.24,-1.2573833465576172,0.026,0.5882810892213846,0.0,0.0
1630323971.3405805,3.315999984741211,0.0,-0.22049956023693085,0.309,-1.2569260597229004,-0.016,0.5882810892213846,0.0,0.0
1630323971.3546646,3.312000036239624,0.0,-0.261991411447525,0.273,-1.253063440322876,-0.063,0.5882810892213846,0.0,0.0
1630323971.369437,3.306999921798706,0.0,-0.2770087420940399,0.273,-1.2579494714736938,-0.082,0.5882817298653678,0.0,0.0
1630323971.3876224,3.302000045776367,0.0,-0.22045272588729858,0.077,-1.2537970542907715,-0.065,0.5882814281514996,0.0,0.0
1630323971.4005625,3.296999931335449,0.0,-0.19151663780212402,-0.36,-1.2418224811553955,-0.039,0.5882814281514996,0.0,0.0
1630323971.4155884,3.2920000553131104,0.0,-0.237258180975914,-0.902,-1.2379755973815918,-0.031,0.5882814281514996,0.0,0.0
1630323971.430681,3.2880001068115234,0.0,-0.21877267956733704,-0.686,-1.2539242506027222,-0.051,0.5882831416087392,0.0,0.0
1630323971.4465923,3.2829999923706055,0.0,-0.3094838857650757,0.065,-1.2431609630584717,-0.082,0.5882831416087392,0.0,0.0
1630323971.461622,3.2780001163482666,0.0,-0.21974743902683258,0.384,-1.2528884410858154,-0.089,0.5882831416087392,0.0,0.0
1630323971.4770217,3.2739999294281006,0.0,-0.3282492458820343,0.251,-1.245363473892212,-0.075,0.5882793642038171,0.0,0.0
1630323971.4917574,3.2690000534057617,0.0,-0.262843519449234,0.035,-1.2378475666046143,-0.04,0.5882793642038171,0.0,0.0
1630323971.5070224,3.2639999389648438,0.0,-0.3671526312828064,-0.082,-1.2333558797836304,-0.019,0.5882793642038171,0.0,0.0
1630323971.5218728,3.259999990463257,0.0,-0.33751291036605835,0.017,-1.2431162595748901,-0.01,0.5882829967730112,0.0,0.0
1630323971.537674,3.255000114440918,0.0,-0.33051785826683044,0.162,-1.2295182943344116,-0.011,0.5882829967730112,0.0,0.0
1630323971.552278,3.25,0.0,-0.18810807168483734,0.145,-1.2409213781356812,-0.013,0.5882829967730112,0.0,0.0
1630323971.567676,3.246000051498413,0.0,-0.28529632091522217,0.057,-1.2409621477127075,-0.027,0.588280391743105,0.0,0.0
1630323971.5829937,3.240999937057495,0.0,-0.22273103892803192,0.052,-1.2428476810455322,-0.027,0.588280391743105,0.0,0.0
1630323971.5995252,3.236999988555908,0.0,-0.24191981554031372,0.115,-1.235703468322754,-0.4,0.588280391743105,0.0,0.0
1630323971.6151855,3.2320001125335693,0.0,-0.3132561147212982,0.011,-1.2440669536590576,-0.584,0.58828283438516,0.0,0.0
1630323971.6309671,3.2269999980926514,0.0,-0.36056965589523315,-0.064,-1.2423630952835083,-0.687,0.58828283438516,0.0,0.0
1630323971.6464977,3.2230000495910645,0.0,-0.4117976427078247,-0.064,-1.2413759231567383,-0.606,0.5882840216522247,0.0,0.0
1630323971.6624687,3.2190001010894775,0.0,-0.2896186113357544,0.336,-1.2408161163330078,-0.4,0.588281673527128,0.0,0.0
1630323971.6777623,3.2139999866485596,0.0,-0.35791367292404175,-0.028,-1.2482552528381348,-0.184,0.588281673527128,0.0,0.0
1630323971.6934907,3.2100000381469727,0.0,-0.30491480231285095,-0.864,-1.2557201385498047,-0.069,0.588281673527128,0.0,0.0
1630323971.7103586,3.2049999237060547,0.0,-0.3473069369792938,-1.008,-1.2553527355194092,-0.032,0.5882821250959192,0.0,0.0
1630323971.7246513,3.2009999752044678,0.0,-0.34828728437423706,-0.357,-1.2475641965866089,-0.06,0.5882821250959192,0.0,0.0
1630323971.739587,3.196000099182129,0.0,-0.31913572549819946,0.195,-1.2441688776016235,-0.094,0.5882821250959192,0.0,0.0
1630323971.756047,3.191999912261963,0.0,-0.24198278784751892,0.207,-1.235522747039795,-0.118,0.5882807591656247,0.0,0.0
1630323971.7710252,3.187000036239624,-0.21987532079219818,-0.20790942013263702,0.098,-1.2152726650238037,-0.116,0.5882807591656247,0.0,0.0
1630323971.787003,3.183000087738037,-0.43953365087509155,-0.20034009218215942,0.078,-1.2114428281784058,-0.086,0.5882807591656247,0.0,0.0
1630323971.8023317,3.178999900817871,-0.6587581634521484,-0.20360077917575836,0.076,-1.2082479000091553,-0.042,0.5882819880616958,0.0,0.0
1630323971.8185854,3.174999952316284,-0.8773326277732849,-0.2987140715122223,0.02,-1.206856608390808,-0.01,0.5882817937383442,0.0,0.0
1630323971.8342938,3.1710000038146973,-1.095041275024414,-0.2959947884082794,-0.001,-1.2114629745483398,0.01,0.5882817937383442,0.0,0.0
1630323971.8499148,3.1679999828338623,-1.3116692304611206,-0.2815733253955841,0.045,-1.2304009199142456,0.011,0.5882817937383442,0.0,0.0
1630323971.8662436,3.1659998893737793,-1.5270026922225952,-0.25484779477119446,0.128,-1.2333779335021973,0.006,0.588280343197439,0.0,0.0
1630323971.882196,3.1649999618530273,-1.7408292293548584,-0.22499530017375946,0.214,-1.2324320077896118,-0.005,0.588280343197439,0.0,0.0
1630323971.8992233,3.1640000343322754,-1.9529377222061157,-0.2989054024219513,0.22,-1.2260406017303467,-0.031,0.5882811870357072,0.0,0.0
1630323971.9132988,3.1640000343322754,-2.163119077682495,-0.324760764837265,0.129,-1.229777216911316,-0.067,0.5882811870357072,0.0,0.0
1630323971.9285922,3.1659998893737793,-2.3711655139923096,-0.2594456374645233,0.091,-1.2368125915527344,-0.1,0.5882811870357072,0.0,0.0
1630323971.9433026,3.1679999828338623,-2.576871871948242,-0.3666660487651825,0.082,-1.237958312034607,-0.104,0.5882812776413273,0.0,0.0
1630323971.958807,3.171999931335449,-2.7800352573394775,-0.33809560537338257,-0.028,-1.2420653104782104,-0.088,0.5882813992546032,0.0,0.0
1630323971.973537,3.177999973297119,-2.980455160140991,-0.34093111753463745,-0.584,-1.2413926124572754,-0.075,0.5882813992546032,0.0,0.0
1630323971.9884582,3.184999942779541,-3.17793345451355,-0.3237043619155884,-1.061,-1.2454643249511719,-0.083,0.5882813992546032,0.0,0.0
1630323972.0033064,3.193000078201294,-3.3722758293151855,-0.3149544894695282,-0.749,-1.2543714046478271,-0.112,0.5882818607696982,0.0,0.0
1630323972.0183957,3.2039999961853027,-3.5632898807525635,-0.30046719312667847,-0.119,-1.2475556135177612,-0.134,0.5882818607696982,0.0,0.0
1630323972.0339997,3.2149999141693115,-3.7507874965667725,-0.3421212434768677,0.164,-1.2416044473648071,-0.133,0.5882818607696982,0.0,0.0
1630323972.0497382,3.2290000915527344,-3.9345836639404297,-0.2969304323196411,0.189,-1.2390435934066772,-0.103,0.5882795631462541,0.0,0.0
1630323972.0644495,3.246000051498413,-4.11449670791626,-0.2493802160024643,0.163,-1.2404330968856812,-0.065,0.5882795631462541,0.0,0.0
1630323972.0790167,3.263000011444092,-4.29034948348999,-0.33333122730255127,0.205,-1.231362223625183,-0.028,0.5882795631462541,0.0,0.0
1630323972.0944414,3.2820000648498535,-4.461967945098877,-0.33918896317481995,0.286,-1.2280677556991577,0.009,0.5882822838518991,0.0,0.0
1630323972.1091702,3.302999973297119,-4.629183292388916,-0.2924739420413971,0.16,-1.2196261882781982,0.033,0.5882822838518991,0.0,0.0
1630323972.1245003,3.3269999027252197,-4.791829586029053,-0.2731359302997589,0.118,-1.2304847240447998,0.061,0.5882822838518991,0.0,0.0
1630323972.1391225,3.3519999980926514,-4.949747562408447,-0.29963821172714233,0.204,-1.237682819366455,0.069,0.5882828026518048,0.0,0.0
1630323972.1565578,3.380000114440918,-5.102780342102051,-0.27536705136299133,0.201,-1.2358005046844482,0.067,0.5882828026518048,0.0,0.0
1630323972.1714356,3.4079999923706055,-5.250777721405029,-0.31703802943229675,0.091,-1.2457520961761475,0.053,0.5882828026518048,0.0,0.0
1630323972.1852558,3.440000057220459,-5.393592834472656,-0.2605594992637634,0.097,-1.243170142173767,0.034,0.5882815943678215,0.0,0.0
1630323972.200521,3.4730000495910645,-5.531085014343262,-0.27794378995895386,0.225,-1.2410945892333984,0.01,0.5882815943678215,0.0,0.0
1630323972.2159734,3.507999897003174,-5.663118839263916,-0.28073495626449585,0.261,-1.2475818395614624,-0.01,0.5882815943678215,0.0,0.0
1630323972.2307231,3.5429999828338623,-5.78956413269043,-0.3992310166358948,0.28,-1.2497156858444214,-0.029,0.5882786539671794,0.0,0.0
1630323972.246798,3.5810000896453857,-5.910295486450195,-0.342785507440567,0.096,-1.2450493574142456,-0.046,0.5882786539671794,0.0,0.0
1630323972.2628062,3.619999885559082,-6.02519416809082,-0.339062362909317,-0.572,-1.2532871961593628,-0.05,0.5882786539671794,0.0,0.0
1630323972.2793512,3.6610000133514404,-6.134146690368652,-0.29397067427635193,-0.919,-1.2577308416366577,-0.042,0.5882792136740471,0.0,0.0
1630323972.2944143,3.7039999961853027,-6.237045764923096,-0.31553366780281067,-0.485,-1.2503714561462402,-0.026,0.5882805567390772,0.0,0.0
1630323972.3102646,3.749000072479248,-6.333789348602295,-0.26611050963401794,-0.024,-1.2300597429275513,-0.017,0.5882805567390772,0.0,0.0
1630323972.323763,3.7950000762939453,-6.424282550811768,-0.3096756339073181,0.087,-1.239194393157959,-0.017,0.5882805567390772,0.0,0.0
1630323972.3389204,3.8420000076293945,-6.508435249328613,-0.2594432532787323,0.156,-1.2268829345703125,-0.026,0.5882811773762181,0.0,0.0
1630323972.353467,3.8910000324249268,-6.586165428161621,-0.2879205644130707,0.202,-1.2327814102172852,-0.043,0.5882811773762181,0.0,0.0
1630323972.368555,3.941999912261963,-6.657395839691162,-0.2232649177312851,0.142,-1.2305567264556885,-0.062,0.5882811773762181,0.0,0.0
1630323972.3842747,3.992000102996826,-6.722055912017822,-0.29297927021980286,0.095,-1.2249541282653809,-0.071,0.5882818268338074,0.0,0.0
1630323972.4005418,4.044000148773193,-6.7800822257995605,-0.2570090889930725,0.179,-1.234328269958496,-0.073,0.5882818268338074,0.0,0.0
1630323972.4160855,4.0960001945495605,-6.831417560577393,-0.28460314869880676,0.22,-1.2333850860595703,-0.056,0.5882818268338074,0.0,0.0
1630323972.4315689,4.14900016784668,-6.876010894775391,-0.2760635316371918,0.128,-1.2374285459518433,-0.032,0.5882812467929162,0.0,0.0
1630323972.4469466,4.202000141143799,-6.913818359375,-0.32491835951805115,0.135,-1.2328840494155884,-0.02,0.5882812467929162,0.0,0.0
1630323972.4626,4.254000186920166,-6.944802761077881,-0.3627650737762451,0.219,-1.244421362876892,-0.01,0.5882812467929162,0.0,0.0
1630323972.477652,4.308000087738037,-6.968933582305908,-0.31880298256874084,0.185,-1.235541820526123,-0.029,0.58828234068243,0.0,0.0
1630323972.4930975,4.36299991607666,-6.986186981201172,-0.26915064454078674,0.174,-1.2255035638809204,-0.05,0.5882823117880207,0.0,0.0
1630323972.508297,4.414999961853027,-6.996545791625977,-0.4037507176399231,0.174,-1.2283629179000854,-0.058,0.5882823117880207,0.0,0.0
1630323972.5242503,4.468999862670898,-7.0,-0.26500433683395386,0.298,-1.2394737005233765,-0.04,0.5882823117880207,0.0,0.0
1630323972.5388503,4.525000095367432,-6.996545791625977,-0.20230303704738617,-0.097,-1.239821195602417,-0.024,0.5882827140540503,0.0,0.0
1630323972.5547943,4.578999996185303,-6.986186981201172,-0.23197533190250397,-0.781,-1.2545424699783325,-0.024,0.5882827140540503,0.0,0.0
1630323972.569746,4.632999897003174,-6.968933582305908,-0.2673294246196747,-0.742,-1.2580115795135498,-0.053,0.5882806280545432,0.0,0.0
1630323972.585976,4.685999870300293,-6.944802761077881,-0.24069368839263916,-0.193,-1.2548799514770508,-0.095,0.5882806280545432,0.0,0.0
1630323972.6008697,4.73799991607666,-6.913818359375,-0.32662105560302734,0.115,-1.2400966882705688,-0.121,0.5882806280545432,0.0,0.0
1630323972.617148,4.789000034332275,-6.876010894775391,-0.289411723613739,0.208,-1.2311707735061646,-0.121,0.5882813031741713,0.0,0.0
1630323972.6350193,4.840000152587891,-6.831417560577393,-0.23176772892475128,0.283,-1.2342236042022705,-0.462,0.5882813031741713,0.0,0.0
1630323972.6487484,4.888999938964844,-6.7800822257995605,-0.28766679763793945,0.181,-1.219835638999939,-0.644,0.5882813031741713,0.0,0.0
1630323972.6648345,4.938000202178955,-6.722055912017822,-0.2381574660539627,0.007,-1.2253029346466064,-0.771,0.5882802771305622,0.0,0.0
1630323972.6805594,4.985000133514404,-6.657395839691162,-0.29287034273147583,-0.001,-1.2319191694259644,-0.726,0.5882817358372804,0.0,0.0
1630323972.6951976,5.0289998054504395,-6.586165428161621,-0.36279329657554626,0.065,-1.2293161153793335,-0.558,0.5882817358372804,0.0,0.0
1630323972.7115467,5.072999954223633,-6.508435249328613,-0.303744912147522,0.103,-1.2396342754364014,-0.281,0.5882817358372804,0.0,0.0
1630323972.7245262,5.118000030517578,-6.424282550811768,-0.1683965027332306,0.093,-1.2360998392105103,-0.129,0.5882826561458192,0.0,0.0
1630323972.7395098,5.158999919891357,-6.333789348602295,-0.28248125314712524,0.048,-1.2309801578521729,-0.017,0.5882826561458192,0.0,0.0
1630323972.7543066,5.198999881744385,-6.237045764923096,-0.248443603515625,0.038,-1.2294598817825317,0.015,0.5882826561458192,0.0,0.0
1630323972.7702239,5.23799991607666,-6.134146690368652,-0.2105167806148529,0.108,-1.2516703605651855,0.028,0.588280368821083,0.0,0.0
1630323972.7853065,5.27400016784668,-6.02519416809082,-0.29235339164733887,0.176,-1.2501698732376099,0.045,0.588280368821083,0.0,0.0
1630323972.8015037,5.307000160217285,-5.910295486450195,-0.3972863554954529,0.293,-1.2499825954437256,0.071,0.588280368821083,0.0,0.0
1630323972.8174841,5.340000152587891,-5.78956413269043,-0.23284928500652313,0.09,-1.2509266138076782,0.087,0.5882813292141944,0.0,0.0
1630323972.833404,5.370999813079834,-5.663118839263916,-0.27332693338394165,-0.551,-1.2429873943328857,0.084,0.5882813292141944,0.0,0.0
1630323972.8491354,5.39900016784668,-5.531085014343262,-0.3155245780944824,-1.064,-1.2530574798583984,0.074,0.5882823071072916,0.0,0.0
1630323972.8644905,5.426000118255615,-5.393592834472656,-0.3094039559364319,-0.688,-1.2472840547561646,0.058,0.5882823071072916,0.0,0.0
1630323972.879607,5.452000141143799,-5.250777721405029,-0.22759361565113068,-0.001,-1.2453566789627075,0.053,0.5882823071072916,0.0,0.0
1630323972.8953052,5.473999977111816,-5.102780342102051,-0.2912375330924988,0.183,-1.2302366495132446,0.038,0.5882795714038511,0.0,0.0
1630323972.9102921,5.494999885559082,-4.949747562408447,-0.33051785826683044,0.176,-1.2292758226394653,0.013,0.5882795714038511,0.0,0.0
1630323972.9263613,5.513000011444092,-4.791829586029053,-0.3638480007648468,0.122,-1.222083330154419,-0.022,0.5882795714038511,0.0,0.0
1630323972.941203,5.5289998054504395,-4.629183292388916,-0.3633229434490204,0.107,-1.213209867477417,-0.043,0.5882813611972979,0.0,0.0
1630323972.9568906,5.545000076293945,-4.461967945098877,-0.2902274429798126,0.187,-1.2280100584030151,-0.045,0.5882813611972979,0.0,0.0
1630323972.9716542,5.558000087738037,-4.29034948348999,-0.2909380793571472,0.326,-1.2275795936584473,-0.036,0.5882813611972979,0.0,0.0
1630323972.9879308,5.570000171661377,-4.11449670791626,-0.22757646441459656,0.29,-1.2307102680206299,-0.036,0.5882813611972979,0.0,0.0
1630323973.0026772,5.579999923706055,-3.9345836639404297,-0.27733540534973145,0.146,-1.231368064880371,-0.071,0.5882827472860639,0.0,0.0
1630323973.0180972,5.589000225067139,-3.7507874965667725,-0.2806974947452545,0.082,-1.2345227003097534,-0.122,0.5882827472860639,0.0,0.0
1630323973.032556,5.5960001945495605,-3.5632898807525635,-0.2060849964618683,0.078,-1.2260011434555054,-0.168,0.5882827472860639,0.0,0.0
1630323973.0477777,5.60099983215332,-3.3722758293151855,-0.23324698209762573,-0.04,-1.2306275367736816,-0.181,0.5882804009772629,0.0,0.0
1630323973.063139,5.604000091552734,-3.17793345451355,-0.3427921533584595,-0.118,-1.236067771911621,-0.152,0.5882804009772629,0.0,0.0
1630323973.0787375,5.605999946594238,-2.980455160140991,-0.30269095301628113,0.0,-1.2447370290756226,-0.081,0.5882804009772629,0.0,0.0
1630323973.0934134,5.60699987411499,-2.7800352573394775,-0.2537956237792969,0.062,-1.2386698722839355,-0.027,0.588282491222428,0.0,0.0
1630323973.108819,5.60699987411499,-2.576871871948242,-0.29051777720451355,-0.153,-1.2481023073196411,0.003,0.588282491222428,0.0,0.0
1630323973.1236956,5.605000019073486,-2.3711655139923096,-0.2864833474159241,-0.775,-1.2547003030776978,0.0,0.588282491222428,0.0,0.0
1630323973.1397014,5.603000164031982,-2.163119077682495,-0.280573308467865,-1.23,-1.250179648399353,-0.015,0.5882825102138944,0.0,0.0
1630323973.155406,5.598999977111816,-1.9529377222061157,-0.3072005808353424,-0.852,-1.2468117475509644,-0.018,0.5882829067692019,0.0,0.0
1630323973.171346,5.59499979019165,-1.7408292293548584,-0.257252961397171,-0.101,-1.239278793334961,-0.008,0.5882829067692019,0.0,0.0
1630323973.188043,5.590000152587891,-1.5270026922225952,-0.29242756962776184,0.174,-1.2378368377685547,0.004,0.5882829067692019,0.0,0.0
1630323973.2038333,5.584000110626221,-1.3116692304611206,-0.22109848260879517,0.143,-1.2273690700531006,0.016,0.588281812187439,0.0,0.0
1630323973.2198422,5.578000068664551,-1.095041275024414,-0.35398799180984497,0.05,-1.2160526514053345,0.021,0.588281812187439,0.0,0.0
1630323973.2351196,5.571000099182129,-0.8773326277732849,-0.32667723298072815,0.021,-1.2257615327835083,0.025,0.5882810472918372,0.0,0.0
1630323973.2508283,5.564000129699707,-0.6587581634521484,-0.3508889675140381,0.05,-1.2160762548446655,0.026,0.5882810472918372,0.0,0.0
1630323973.2668526,5.557000160217285,-0.43953365087509155,-0.3369276523590088,0.116,-1.2128639221191406,0.019,0.5882810472918372,0.0,0.0
1630323973.283132,5.550000190734863,-0.21987532079219818,-0.2911261022090912,0.171,-1.2144546508789062,0.0,0.5882828015172343,0.0,0.0
1630323973.2987692,5.543000221252441,-6.858022162718703e-15,-0.293743759393692,0.143,-1.2143187522888184,-0.036,0.5882803196912914,0.0,0.0
1630323973.3152163,5.5370001792907715,0.0,-0.2866138517856598,0.132,-1.217835545539856,-0.064,0.5882803196912914,0.0,0.0
1630323973.3305824,5.53000020980835,0.0,-0.3174121081829071,0.142,-1.2261313199996948,-0.078,0.5882803196912914,0.0,0.0
1630323973.346827,5.5229997634887695,0.0,-0.2914649546146393,0.215,-1.232101559638977,-0.067,0.5882802580452796,0.0,0.0
1630323973.3622768,5.515999794006348,0.0,-0.2847665548324585,0.285,-1.2330071926116943,-0.035,0.5882802580452796,0.0,0.0
1630323973.378726,5.510000228881836,0.0,-0.29524341225624084,0.285,-1.2340103387832642,-0.011,0.5882802580452796,0.0,0.0
1630323973.3940072,5.502999782562256,0.0,-0.35087358951568604,0.146,-1.2331418991088867,0.0,0.588280689179804,0.0,0.0
1630323973.4106417,5.495999813079834,0.0,-0.3997458815574646,-0.318,-1.2440621852874756,-0.021,0.588280689179804,0.0,0.0
1630323973.425718,5.489999771118164,0.0,-0.3017624318599701,-0.926,-1.2305984497070312,-0.053,0.5882817795090693,0.0,0.0
1630323973.4418023,5.482999801635742,0.0,-0.33425769209861755,-0.683,-1.2266652584075928,-0.094,0.5882800507077889,0.0,0.0
1630323973.4571168,5.47599983215332,0.0,-0.31797412037849426,0.043,-1.225897192955017,-0.127,0.5882800507077889,0.0,0.0
1630323973.4726057,5.46999979019165,0.0,-0.3023945391178131,0.254,-1.2250248193740845,-0.15,0.5882800507077889,0.0,0.0
1630323973.4879909,5.4629998207092285,0.0,-0.3104971647262573,0.114,-1.2366127967834473,-0.166,0.5882814443188569,0.0,0.0
1630323973.5037007,5.455999851226807,0.0,-0.3229108154773712,0.107,-1.2282600402832031,-0.162,0.5882814443188569,0.0,0.0
1630323973.5191689,5.449999809265137,0.0,-0.24030570685863495,0.219,-1.2306170463562012,-0.145,0.5882814443188569,0.0,0.0
1630323973.5348697,5.442999839782715,0.0,-0.3363109230995178,0.257,-1.2285336256027222,-0.136,0.5882823544514959,0.0,0.0
1630323973.550323,5.436999797821045,0.0,-0.25582242012023926,0.177,-1.221049427986145,-0.137,0.5882823544514959,0.0,0.0
1630323973.5662754,5.429999828338623,0.0,-0.2944984436035156,0.134,-1.226912498474121,-0.152,0.5882823544514959,0.0,0.0
1630323973.5811272,5.423999786376953,0.0,-0.3402257263660431,0.236,-1.2220488786697388,-0.145,0.5882813012452206,0.0,0.0
1630323973.5967875,5.416999816894531,0.0,-0.39455142617225647,0.187,-1.2281646728515625,-0.116,0.5882813012452206,0.0,0.0
1630323973.6117878,5.410999774932861,0.0,-0.3169087767601013,0.074,-1.230092167854309,-0.054,0.5882813012452206,0.0,0.0
1630323973.62705,5.4039998054504395,0.0,-0.3391178846359253,0.113,-1.2343553304672241,-0.015,0.5882810218320019,0.0,0.0
1630323973.641077,5.3979997634887695,0.0,-0.3320864737033844,0.133,-1.2301113605499268,-0.012,0.5882810218320019,0.0,0.0
1630323973.6569479,5.390999794006348,0.0,-0.3737448751926422,0.116,-1.2310324907302856,-0.181,0.5882810218320019,0.0,0.0
1630323973.6726265,5.385000228881836,0.0,-0.3002554178237915,-0.016,-1.2404817342758179,-0.417,0.5882810218320019,0.0,0.0
1630323973.6878235,5.379000186920166,0.0,-0.22686056792736053,-0.263,-1.2502025365829468,-0.637,0.5882805388217269,0.0,0.0
1630323973.7026637,5.372000217437744,0.0,-0.2529129087924957,-0.804,-1.2571958303451538,-0.712,0.5882805388217269,0.0,0.0
1630323973.7175806,5.366000175476074,0.0,-0.2953590452671051,-0.945,-1.258339762687683,-0.628,0.5882805388217269,0.0,0.0
1630323973.731937,5.359000205993652,0.0,-0.27704399824142456,-0.243,-1.2409329414367676,-0.456,0.5882808512184947,0.0,0.0
1630323973.7473035,5.353000164031982,0.0,-0.41552215814590454,0.389,-1.2390031814575195,-0.291,0.5882808512184947,0.0,0.0
1630323973.7619956,5.3470001220703125,0.0,-0.3792651295661926,0.297,-1.229478120803833,-0.181,0.5882808512184947,0.0,0.0
1630323973.7771838,5.340000152587891,0.0,-0.3057490289211273,0.163,-1.2237485647201538,-0.164,0.5882811953213867,0.0,0.0
1630323973.7917666,5.334000110626221,0.0,-0.31425225734710693,0.243,-1.2133421897888184,-0.17,0.5882811953213867,0.0,0.0
1630323973.8071954,5.328000068664551,0.0,-0.34134793281555176,0.154,-1.2088216543197632,-0.142,0.5882811953213867,0.0,0.0
1630323973.8219514,5.322000026702881,0.0,-0.24552547931671143,0.041,-1.2105768918991089,-0.088,0.5882812000505242,0.0,0.0
1630323973.8371706,5.315000057220459,0.0,-0.276968777179718,0.079,-1.2208596467971802,-0.042,0.5882804579704564,0.0,0.0
1630323973.852162,5.309000015258789,0.0,-0.28471288084983826,0.078,-1.2230020761489868,-0.006,0.5882804579704564,0.0,0.0
1630323973.8672519,5.302999973297119,0.0,-0.2921052575111389,0.123,-1.2234151363372803,0.004,0.5882804579704564,0.0,0.0
1630323973.88255,5.296999931335449,0.0,-0.27991241216659546,0.192,-1.2254031896591187,0.009,0.5882816075964046,0.0,0.0
1630323973.8977365,5.289999961853027,0.0,-0.4065263867378235,0.228,-1.2148407697677612,0.018,0.5882816075964046,0.0,0.0
1630323973.912891,5.283999919891357,0.0,-0.3945745527744293,0.288,-1.2195711135864258,0.022,0.5882816075964046,0.0,0.0
1630323973.9279835,5.2779998779296875,0.0,-0.39441466331481934,0.269,-1.2271312475204468,0.015,0.5882811140716782,0.0,0.0
1630323973.943017,5.271999835968018,0.0,-0.34016358852386475,0.269,-1.2376785278320312,-0.002,0.5882811140716782,0.0,0.0
1630323973.958089,5.265999794006348,0.0,-0.3310104012489319,0.322,-1.2417651414871216,-0.032,0.5882811140716782,0.0,0.0
1630323973.9729278,5.260000228881836,0.0,-0.27749282121658325,0.134,-1.2383627891540527,-0.055,0.5882801154996269,0.0,0.0
1630323973.9881449,5.254000186920166,0.0,-0.3049996495246887,-0.611,-1.2415807247161865,-0.08,0.5882801154996269,0.0,0.0
1630323974.003363,5.248000144958496,0.0,-0.2919243276119232,-0.9,-1.2421163320541382,-0.092,0.5882801154996269,0.0,0.0
1630323974.0193985,5.242000102996826,0.0,-0.3460322320461273,-0.297,-1.2401922941207886,-0.095,0.5882783362957795,0.0,0.0
1630323974.034764,5.235000133514404,0.0,-0.23882783949375153,0.076,-1.242818832397461,-0.094,0.5882783362957795,0.0,0.0
1630323974.0532932,5.229000091552734,0.0,-0.2353796809911728,0.121,-1.2414249181747437,-0.079,0.5882811999187716,0.0,0.0
1630323974.0659246,5.2230000495910645,0.0,-0.258039265871048,0.138,-1.2384727001190186,-0.051,0.5882802666061235,0.0,0.0
1630323974.0813453,5.2170000076293945,0.0,-0.3014543056488037,0.096,-1.231815218925476,-0.022,0.5882819330877866,0.0,0.0
1630323974.096583,5.210999965667725,0.0,-0.2893698811531067,0.05,-1.2335467338562012,0.003,0.5882819330877866,0.0,0.0
1630323974.1130388,5.204999923706055,0.0,-0.21952541172504425,0.072,-1.2365915775299072,0.014,0.5882814400909091,0.0,0.0
1630323974.1276817,5.198999881744385,0.0,-0.2624222934246063,0.144,-1.2405509948730469,0.005,0.5882814400909091,0.0,0.0
1630323974.1432133,5.192999839782715,0.0,-0.21283093094825745,0.101,-1.2353111505508423,-0.016,0.5882814400909091,0.0,0.0
1630323974.1583369,5.186999797821045,0.0,-0.2646005153656006,0.031,-1.233267903327942,-0.039,0.5882823953580656,0.0,0.0
1630323974.173916,5.181000232696533,0.0,-0.3064887821674347,0.063,-1.2334275245666504,-0.048,0.5882823953580656,0.0,0.0
1630323974.1892254,5.175000190734863,0.0,-0.21919968724250793,0.052,-1.2399777173995972,-0.037,0.5882823953580656,0.0,0.0
1630323974.205125,5.169000148773193,0.0,-0.20102396607398987,-0.008,-1.2460343837738037,-0.025,0.5882826188632369,0.0,0.0
1630323974.2205954,5.163000106811523,0.0,-0.3676670789718628,0.009,-1.2488926649093628,-0.031,0.5882826188632369,0.0,0.0
1630323974.2365863,5.1579999923706055,0.0,-0.37015774846076965,0.009,-1.2419774532318115,-0.056,0.5882826188632369,0.0,0.0
1630323974.2503514,5.1519999504089355,0.0,-0.30383211374282837,0.18,-1.2432053089141846,-0.084,0.5882831476391295,0.0,0.0
1630323974.265748,5.145999908447266,0.0,-0.34573206305503845,-0.238,-1.2390594482421875,-0.116,0.5882831476391295,0.0,0.0
1630323974.280855,5.139999866485596,0.0,-0.3299534022808075,-0.886,-1.248953938484192,-0.119,0.5882831476391295,0.0,0.0
1630323974.2962525,5.133999824523926,0.0,-0.28284141421318054,-0.826,-1.2439132928848267,-0.097,0.5882823843016955,0.0,0.0
1630323974.3110874,5.127999782562256,0.0,-0.22548642754554749,-0.146,-1.2497267723083496,-0.068,0.5882823843016955,0.0,0.0
1630323974.3265746,5.122000217437744,0.0,-0.274356871843338,0.241,-1.2368826866149902,-0.037,0.5882823843016955,0.0,0.0
1630323974.3411548,5.117000102996826,0.0,-0.25557106733322144,0.13,-1.2397081851959229,-0.021,0.5882804599027517,0.0,0.0
1630323974.3563988,5.111000061035156,0.0,-0.34606751799583435,-0.003,-1.2389651536941528,-0.019,0.5882804599027517,0.0,0.0
1630323974.3710725,5.105000019073486,0.0,-0.26575931906700134,-0.049,-1.241390347480774,-0.029,0.5882804599027517,0.0,0.0
1630323974.3865712,5.098999977111816,0.0,-0.18748298287391663,0.01,-1.238050103187561,-0.034,0.5882815787551272,0.0,0.0
1630323974.4015727,5.093999862670898,0.0,-0.28552964329719543,0.03,-1.2401970624923706,-0.049,0.5882815787551272,0.0,0.0
1630323974.4175844,5.0879998207092285,0.0,-0.28281569480895996,0.045,-1.2400819063186646,-0.066,0.5882815787551272,0.0,0.0
1630323974.4325278,5.081999778747559,0.0,-0.3480164110660553,0.073,-1.249572515487671,-0.084,0.5882807636657259,0.0,0.0
1630323974.4473093,5.076000213623047,0.0,-0.29404014348983765,0.114,-1.2407351732254028,-0.095,0.5882808184567079,0.0,0.0
1630323974.4620352,5.071000099182129,0.0,-0.25858864188194275,0.167,-1.2416127920150757,-0.085,0.5882809139032041,0.0,0.0
1630323974.477659,5.065000057220459,0.0,-0.258868008852005,0.176,-1.2446330785751343,-0.055,0.5882809139032041,0.0,0.0
1630323974.4921923,5.059000015258789,0.0,-0.3458821475505829,0.162,-1.2396762371063232,-0.021,0.5882809139032041,0.0,0.0
1630323974.5063052,5.053999900817871,0.0,-0.28630152344703674,0.155,-1.2305821180343628,0.007,0.5882818208415668,0.0,0.0
1630323974.5232408,5.047999858856201,0.0,-0.37725719809532166,0.155,-1.2324732542037964,0.022,0.5882818208415668,0.0,0.0
1630323974.536552,5.041999816894531,0.0,-0.2907639443874359,0.279,-1.2242653369903564,0.015,0.5882818208415668,0.0,0.0
1630323974.5512662,5.0370001792907715,0.0,-0.27551767230033875,0.019,-1.2257438898086548,-0.001,0.5882803240804855,0.0,0.0
1630323974.5664585,5.031000137329102,0.0,-0.21200211346149445,-0.669,-1.2442448139190674,-0.021,0.5882803240804855,0.0,0.0
1630323974.5816147,5.026000022888184,0.0,-0.19771888852119446,-0.966,-1.2431256771087646,-0.033,0.5882825584397184,0.0,0.0
1630323974.5966659,5.019999980926514,0.0,-0.32231977581977844,-0.566,-1.2390639781951904,-0.04,0.5882825584397184,0.0,0.0
1630323974.612013,5.013999938964844,0.0,-0.28656259179115295,-0.033,-1.238883137702942,-0.044,0.5882825584397184,0.0,0.0
1630323974.6269252,5.008999824523926,0.0,-0.25089311599731445,0.107,-1.234037160873413,-0.047,0.5882825584397184,0.0,0.0
1630323974.641857,5.002999782562256,0.0,-0.280038982629776,0.079,-1.226684331893921,-0.054,0.588280885004582,0.0,0.0
1630323974.6565943,4.998000144958496,0.0,-0.2845097482204437,0.051,-1.216840386390686,-0.062,0.588280885004582,0.0,0.0
1630323974.6722858,4.992000102996826,0.0,-0.31513166427612305,-0.03,-1.2172280550003052,-0.085,0.588280885004582,0.0,0.0
1630323974.6872292,4.986999988555908,0.0,-0.3553711175918579,-0.081,-1.218332290649414,-0.085,0.5882812414147833,0.0,0.0
1630323974.7026775,4.980999946594238,0.0,-0.3122590482234955,0.018,-1.2144213914871216,-0.434,0.5882817232163908,0.0,0.0
1630323974.7177682,4.97599983215332,0.0,-0.34538766741752625,0.152,-1.2082968950271606,-0.681,0.5882817232163908,0.0,0.0
1630323974.7335372,4.96999979019165,0.0,-0.3344406485557556,0.142,-1.219652533531189,-0.83,0.5882817232163908,0.0,0.0
1630323974.7490947,4.965000152587891,0.0,-0.2556237280368805,0.022,-1.233609914779663,-0.814,0.5882830603443387,0.0,0.0
1630323974.7647367,4.959000110626221,0.0,-0.27929097414016724,0.078,-1.225742220878601,-0.626,0.5882830603443387,0.0,0.0
1630323974.7798672,4.953999996185303,0.0,-0.30954551696777344,0.243,-1.220950722694397,-0.378,0.5882830603443387,0.0,0.0
1630323974.7952678,4.948999881744385,0.0,-0.22578102350234985,0.231,-1.2249019145965576,-0.195,0.5882825930648758,0.0,0.0
1630323974.8109882,4.942999839782715,0.0,-0.3029688894748688,0.231,-1.2215497493743896,-0.077,0.5882825930648758,0.0,0.0
1630323974.8268018,4.938000202178955,0.0,-0.2922791838645935,0.169,-1.2257623672485352,-0.038,0.5882811590092253,0.0,0.0
